Unit,Plot,Species,Number,Ht_cm,rcd_mm,Herbivory,Condition,health
10,5,ACRU,1,71.50,7.30,1,,L
10,5,ACRU,2,,,,,D
10,5,ACRU,3,88.50,16.70,0,,L
10,5,ACRU,4,63.00,8.70,1,,L
10,5,ACRU,5,213.00,15.80,1,,L
10,5,ACRU,6,203.50,15.60,1,,L
10,5,ACRU,7,,,,,D
10,5,ACRU,8,201.50,13.50,1,,L
10,5,ACRU,9,153.00,11.10,1,,L
10,5,ACRU,10,41.50,6.60,1,,L
10,5,ACRU,11,133.50,15.80,0,,L
10,5,ACRU,12,112.00,17.90,2,,L
10,5,ACRU,13,75.00,10.60,1,,L
10,5,ACRU,14,76.50,12.90,1,,L
10,5,ACRU,15,53.00,7.60,2,,L
10,5,ACRU,16,100.00,12.70,1,,L
10,5,ACRU,17,52.00,8.10,1,,L
10,5,ACRU,18,81.00,11.80,3,,L
10,5,ACRU,19,181.00,15.10,,,L
10,5,ACRU,20,163.50,15.10,1,,L
10,5,ACSA,1,50.00,10.40,1,,L
10,5,ACSA,2,72.00,8.40,0,,L
10,5,ACSA,3,134.00,9.30,1,,L
10,5,ACSA,4,23.50,8.60,1,,L
10,5,ACSA,5,74.00,11.50,1,,L
10,5,ACSA,6,49.00,6.80,1,,V
10,5,ACSA,7,76.00,11.70,1,,L
10,5,ACSA,8,102.00,15.20,2,,L
10,5,ACSA,9,68.00,9.40,2,,L
10,5,ACSA,10,38.00,7.20,1,,L
10,5,ACSA,11,27.00,4.10,1,,L
10,5,ACSA,12,44.00,5.20,0,,V
10,5,ACSA,13,101.00,13.10,3,,V
10,5,ACSA,14,56.00,6.90,1,,L
10,5,ACSA,15,53.50,7.60,1,,L
10,5,ACSA,16,18.00,5.30,0,,D
10,5,ACSA,17,,,,,V
10,5,ACSA,18,87.00,10.40,1,,L
10,5,ACSA,19,86.00,6.00,,,L
10,5,ACSA,20,35.00,10.70,1,,V
10,5,NYSY,1,,,,,D
10,5,NYSY,2,78.00,8.50,1,,L
10,5,NYSY,3,71.00,4.90,1,,L
10,5,NYSY,4,,,,,D
10,5,NYSY,5,,,,,D
10,5,NYSY,6,,,,,D
10,5,NYSY,7,124.00,6.70,1,,L
10,5,NYSY,8,81.00,5.40,1,,L
10,5,NYSY,9,,,,,D
10,5,NYSY,10,109.00,8.60,1,,L
10,5,NYSY,11,68.00,7.10,1,,L
10,5,NYSY,12,,,,,D
10,5,NYSY,13,,,,,D
10,5,NYSY,14,,,,,L
10,5,NYSY,15,,,,,D
10,5,NYSY,16,23.00,5.70,1,,L
10,5,NYSY,17,,,,,D
10,5,NYSY,18,23.00,4.20,1,,D
10,5,NYSY,19,51.00,7.20,1,,V
10,5,NYSY,20,,,,,D
10,5,PRSE,1,89.00,16.20,1,,V
10,5,PRSE,2,274.00,32.70,1,,L
10,5,PRSE,3,187.00,15.80,2,,V
10,5,PRSE,4,108.00,11.10,1,,V
10,5,PRSE,5,268.00,31.10,1,,L
10,5,PRSE,6,321.00,30.30,1,,L
10,5,PRSE,7,219.00,20.80,2,,L
10,5,PRSE,8,190.00,15.90,2,,L
10,5,PRSE,9,202.00,16.60,1,,V
10,5,PRSE,10,220.00,24.30,1,,L
10,5,PRSE,11,226.00,27.50,1,,L
10,5,PRSE,12,212.00,23.80,1,,L
10,5,PRSE,13,278.00,33.10,1,,L
10,5,PRSE,14,48.00,7.00,3,,V
10,5,PRSE,15,246.00,27.50,1,,D
10,5,PRSE,16,90.00,5.90,1,,L
10,5,PRSE,17,96.50,9.70,1,,V
10,5,PRSE,18,106.00,13.30,1,,V
10,5,PRSE,19,173.00,13.70,1,,V
10,5,PRSE,20,309.00,34.00,1,,L
10,5,BELE,1,,,,,
10,5,BELE,2,,,,,
10,5,BELE,3,,,,,
10,5,BELE,4,174.00,20.00,1,,L
10,5,BELE,5,,,,,
10,5,BELE,6,,,,,
10,5,BELE,7,,,,,
10,5,BELE,8,101.00,12.00,2,T,L
10,5,BELE,9,297.00,25.40,2,,L
10,5,BELE,10,,,,,
10,5,BELE,11,,,,,
10,5,BELE,12,,,,,
10,5,BELE,13,221.00,22.50,1,,L
10,5,BELE,14,,,,,
10,5,BELE,15,,,,,
10,5,BELE,16,,,,,
10,5,BELE,17,,,,,
10,5,BELE,18,,,,,
10,5,BELE,19,,,,,
10,5,BELE,20,,,,,
10,5,BELE,21,,,,,
10,5,CACO,1,33.00,3.10,1,,L
10,5,CACO,2,36.00,3.70,1,,L
10,5,CACO,3,,,,,D
10,5,CACO,4,121.00,8.50,1,,L
10,5,CACO,5,33.00,3.80,2,,L
10,5,CACO,6,51.00,6.80,1,T,L
10,5,CACO,7,70.00,4.60,1,,L
10,5,CACO,8,65.00,6.00,1,,L
10,5,CACO,9,62.00,5.00,1,,L
10,5,CACO,10,44.00,3.00,2,,L
10,5,CACO,11,,,,,L
10,5,CACO,12,30.00,4.00,2,,L
10,5,CACO,13,,,,,D
10,5,CACO,14,56.00,2.70,1,,L
10,5,CACO,15,,,,,V
10,5,CACO,16,50.00,4.30,1,,L
10,5,CACO,17,30.00,3.30,1,,L
10,5,CACO,18,20.00,3.40,1,,V
10,5,CACO,19,30.00,3.50,1,,V
10,5,CACO,20,63.00,6.00,1,,L
10,5,QURU,1,134.00,9.70,1,,L
10,5,QURU,2,129.00,11.70,1,,L
10,5,QURU,3,105.00,13.90,2,,L
10,5,QURU,4,93.00,12.30,1,,L
10,5,QURU,5,100.00,9.60,1,,L
10,5,QURU,6,33.00,5.90,1,,V
10,5,QURU,7,153.00,11.00,2,,L
10,5,QURU,8,,,,,L
10,5,QURU,9,22.00,8.10,0,T,L
10,5,QURU,10,99.00,13.20,2,,L
10,5,QURU,11,80.00,13.00,2,,L
10,5,QURU,12,31.00,5.10,1,,
10,5,QURU,13,41.00,5.80,1,,L
10,5,QURU,14,,,,,D
10,5,QURU,15,48.00,4.70,1,,L
10,5,QURU,16,133.00,13.80,1,,L
10,5,QURU,17,101.00,9.40,1,,L
10,5,QURU,18,60.00,7.20,1,,L
10,5,QURU,19,,,,,D
10,5,QURU,20,19.00,4.30,1,T,V
10,5,TIAM,1,82.00,15.60,3,,L
10,5,TIAM,2,119.00,14.00,2,,L
10,5,TIAM,3,39.00,7.30,1,,V
10,5,TIAM,4,69.00,9.30,2,,L
10,5,TIAM,5,,,,,V
10,5,TIAM,6,84.00,13.40,2,,L
10,5,TIAM,7,,,,,D
10,5,TIAM,8,,,,,L
10,5,TIAM,9,52.00,11.00,2,,L
10,5,TIAM,10,83.00,11.20,2,,L
10,5,TIAM,11,60.00,7.00,2,,V
10,5,TIAM,12,32.00,4.70,2,,L
10,5,TIAM,13,27.00,5.00,1,,V
10,5,TIAM,14,73.00,11.50,3,,L
10,5,TIAM,15,60.00,11.40,2,,L
10,5,TIAM,16,42.00,7.40,1,,V
10,5,TIAM,17,32.00,7.20,3,,L
10,5,TIAM,18,31.00,4.70,2,,L
10,5,TIAM,19,105.00,15.80,2,T,L
10,5,TIAM,20,70.00,11.90,2,,L
8,1,ACRU,1,79.00,11.70,3,,L
8,1,ACRU,2,163.00,16.80,1,,L
8,1,ACRU,3,221.00,23.50,1,,L
8,1,ACRU,4,72.00,7.00,2,,L
8,1,ACRU,5,115.00,14.00,1,,V
8,1,ACRU,6,135.00,9.80,1,,L
8,1,ACRU,7,137.50,16.70,1,,L
8,1,ACRU,8,86.00,9.90,1,,L
8,1,ACRU,9,140.00,13.70,1,,L
8,1,ACRU,10,68.00,9.80,1,,L
8,1,ACRU,11,194.00,16.40,2,,L
8,1,ACRU,12,126.00,11.80,1,,L
8,1,ACRU,13,96.00,14.20,1,,V
8,1,ACRU,14,147.00,17.60,1,,L
8,1,ACRU,15,121.00,16.50,1,,L
8,1,ACRU,16,206.00,12.40,1,,L
8,1,ACRU,17,305.00,29.20,1,,L
8,1,ACRU,18,71.00,8.90,1,,L
8,1,ACRU,19,138.00,15.60,1,,L
8,1,ACRU,20,108.00,14.80,1,,L
8,1,ACSA,1,73.00,9.40,1,,L
8,1,ACSA,2,,,,,L
8,1,ACSA,3,74.00,8.30,1,,V
8,1,ACSA,4,31.50,4.80,1,,V
8,1,ACSA,5,58.00,5.30,1,,V
8,1,ACSA,6,107.00,10.30,3,,L
8,1,ACSA,7,71.00,9.20,1,,L
8,1,ACSA,8,167.00,15.80,1,,L
8,1,ACSA,9,,,,,D
8,1,ACSA,10,,,,,D
8,1,ACSA,11,75.00,9.70,1,,L
8,1,ACSA,12,23.00,3.80,1,,V
8,1,ACSA,13,47.00,7.10,1,,L
8,1,ACSA,14,77.00,7.20,1,,L
8,1,ACSA,15,53.00,7.10,0,,L
8,1,ACSA,16,69.00,7.60,1,,L
8,1,ACSA,17,120.00,8.10,2,,L
8,1,ACSA,18,62.00,7.40,1,,V
8,1,ACSA,19,172.00,12.00,1,,L
8,1,ACSA,20,109.00,12.40,1,,L
8,1,NYSY,1,,,,,L
8,1,NYSY,2,83.00,8.10,1,,L
8,1,NYSY,3,,,,,L
8,1,NYSY,4,,,,,D
8,1,NYSY,5,73.00,16.00,1,,V
8,1,NYSY,6,40.00,9.30,1,,L
8,1,NYSY,7,91.00,7.50,1,,L
8,1,NYSY,8,,,,,L
8,1,NYSY,9,,,,,D
8,1,NYSY,10,,,,,D
8,1,NYSY,11,,,,,D
8,1,NYSY,12,65.00,5.50,1,,L
8,1,NYSY,13,36.00,3.80,2,T,L
8,1,NYSY,14,101.50,9.40,1,,L
8,1,NYSY,15,,,,,D
8,1,NYSY,16,,,,,D
8,1,NYSY,17,,,,,D
8,1,NYSY,18,92.00,6.90,1,,D
8,1,NYSY,19,,,,,D
8,1,NYSY,20,,,,,D
8,1,PRSE,1,195.00,28.10,1,,L
8,1,PRSE,2,221.00,22.90,1,,L
8,1,PRSE,3,250.00,34.70,1,,L
8,1,PRSE,4,238.00,46.40,1,,L
8,1,PRSE,5,249.00,40.00,1,,L
8,1,PRSE,6,281.50,27.30,1,,L
8,1,PRSE,7,323.00,43.00,1,,L
8,1,PRSE,8,89.50,9.60,2,,L
8,1,PRSE,9,308.00,37.70,1,,L
8,1,PRSE,10,,,,,D
8,1,PRSE,11,188.00,17.60,1,,L
8,1,PRSE,12,256.00,30.50,2,,L
8,1,PRSE,13,200.00,22.00,1,,L
8,1,PRSE,14,171.00,15.50,2,,V
8,1,PRSE,15,188.00,29.50,1,,L
8,1,PRSE,16,178.00,24.30,1,,L
8,1,PRSE,17,158.00,18.30,2,,L
8,1,PRSE,18,202.00,27.80,1,,L
8,1,PRSE,19,146.00,11.60,1,,L
8,1,PRSE,20,103.50,14.00,2,,V
8,1,BELE,1,,,,,D
8,1,BELE,2,,,,,D
8,1,BELE,3,,,,,D
8,1,BELE,4,154.00,7.40,1,,L
8,1,BELE,5,,,,,D
8,1,BELE,6,,,,,D
8,1,BELE,7,,,,,D
8,1,BELE,8,,,,,D
8,1,BELE,9,,,,,D
8,1,BELE,10,,,,,D
8,1,BELE,11,107.00,8.00,1,,V
8,1,BELE,12,,,,,D
8,1,BELE,13,,,,,L
8,1,BELE,14,,,,,D
8,1,BELE,15,,,,,D
8,1,BELE,16,,,,,D
8,1,BELE,17,,,,,D
8,1,BELE,18,,,,,D
8,1,BELE,19,,,,,D
8,1,BELE,20,227.00,31.90,1,,L
8,1,CACO,1,,,,,D
8,1,CACO,2,47.00,5.30,1,,L
8,1,CACO,3,23.00,2.60,1,,L
8,1,CACO,4,,,,,D
8,1,CACO,5,,,,,D
8,1,CACO,6,,,,,D
8,1,CACO,7,,,,,D
8,1,CACO,8,6.00,4.80,1,,V
8,1,CACO,9,21.00,2.00,1,,V
8,1,CACO,10,18.00,1.90,1,,L
8,1,CACO,11,,,,,V
8,1,CACO,12,,,,,L
8,1,CACO,13,25.00,4.80,1,,L
8,1,CACO,14,,,,,D
8,1,CACO,15,,,,,D
8,1,CACO,16,29.00,4.80,2,,L
8,1,CACO,17,,,,,L
8,1,CACO,18,,,,,D
8,1,CACO,19,41.00,4.40,2,,L
8,1,CACO,20,53.00,3.60,1,,L
8,1,QURU,1,125.00,14.50,2,,L
8,1,QURU,2,105.00,14.60,2,,L
8,1,QURU,3,208.00,29.60,1,,L
8,1,QURU,4,149.00,16.30,2,,L
8,1,QURU,5,205.00,18.80,1,,L
8,1,QURU,6,124.00,16.10,1,,L
8,1,QURU,7,89.00,10.80,2,,L
8,1,QURU,8,45.00,5.90,1,,L
8,1,QURU,9,151.00,15.10,1,,L
8,1,QURU,10,149.00,16.20,1,,L
8,1,QURU,11,173.00,15.50,1,,L
8,1,QURU,12,159.00,17.30,1,,L
8,1,QURU,13,115.00,12.20,1,,L
8,1,QURU,14,117.00,17.20,1,,L
8,1,QURU,15,168.00,18.50,1,,L
8,1,QURU,16,145.00,15.30,1,,L
8,1,QURU,17,227.00,25.30,1,,L
8,1,QURU,18,92.00,9.60,1,,L
8,1,QURU,19,79.00,11.10,1,,L
8,1,QURU,20,168.00,14.70,1,,L
8,1,TIAM,1,92.00,11.00,1,,L
8,1,TIAM,2,65.00,12.30,3,,V
8,1,TIAM,3,18.00,9.50,3,,L
8,1,TIAM,4,29.00,4.30,1,,L
8,1,TIAM,5,96.00,13.70,2,,L
8,1,TIAM,6,119.00,18.30,2,,L
8,1,TIAM,7,109.00,11.20,2,,L
8,1,TIAM,8,,,,,L
8,1,TIAM,9,,,,,L
8,1,TIAM,10,62.00,7.80,1,,L
8,1,TIAM,11,,,,,L
8,1,TIAM,12,47.00,8.30,2,T,L
8,1,TIAM,13,203.00,18.90,2,,L
8,1,TIAM,14,92.00,16.90,2,,L
8,1,TIAM,15,80.00,12.80,2,,V
8,1,TIAM,16,91.00,9.10,1,,L
8,1,TIAM,17,64.00,11.50,2,,L
8,1,TIAM,18,65.00,10.90,2,,L
8,1,TIAM,19,101.00,12.40,2,,L
8,1,TIAM,20,,,,,D
3,5,ACRU,1,104.00,9.40,1,,L
3,5,ACRU,2,,,,,V
3,5,ACRU,3,142.50,17.40,2,,L
3,5,ACRU,4,,,,,D
3,5,ACRU,5,45.00,12.30,2,,L
3,5,ACRU,6,,,,,D
3,5,ACRU,7,,,,,D
3,5,ACRU,8,170.00,12.80,3,,L
3,5,ACRU,9,184.00,19.00,1,,L
3,5,ACRU,10,73.00,13.70,2,T,L
3,5,ACRU,11,176.00,20.20,2,,L
3,5,ACRU,12,161.00,14.90,1,,L
3,5,ACRU,13,49.00,7.20,2,,L
3,5,ACRU,14,53.00,8.00,1,,L
3,5,ACRU,15,71.00,13.20,1,,L
3,5,ACRU,16,177.00,17.10,2,,L
3,5,ACRU,17,95.00,11.00,1,,V
3,5,ACRU,18,72.00,9.90,3,,L
3,5,ACRU,19,77.00,11.20,0,,L
3,5,ACRU,20,95.00,21.10,2,T,L
3,5,ACSA,1,21.00,7.50,1,,L
3,5,ACSA,2,67.00,8.40,1,,L
3,5,ACSA,3,35.00,4.80,0,,V
3,5,ACSA,4,90.00,6.80,2,,L
3,5,ACSA,5,,,,,D
3,5,ACSA,6,65.00,5.80,0,,L
3,5,ACSA,7,60.00,8.50,2,T,L
3,5,ACSA,8,,,,,D
3,5,ACSA,9,49.00,12.80,0,,V
3,5,ACSA,10,,,,,D
3,5,ACSA,11,35.00,5.90,1,,F
3,5,ACSA,12,37.00,6.40,2,,F
3,5,ACSA,13,66.00,9.40,1,,L
3,5,ACSA,14,87.00,6.70,3,,L
3,5,ACSA,15,,,,,D
3,5,ACSA,16,48.00,5.60,1,,L
3,5,ACSA,17,91.00,9.40,0,,L
3,5,ACSA,18,136.00,15.70,0,T,L
3,5,ACSA,19,,,,,V
3,5,ACSA,20,50.00,12.80,2,,V
3,5,ACSA,21,56.00,5.30,1,,L
3,5,NYSY,1,85.00,7.80,1,,L
3,5,NYSY,2,37.00,5.10,2,,L
3,5,NYSY,3,58.00,5.10,0,,L
3,5,NYSY,4,,,,,
3,5,NYSY,5,,,,,
3,5,NYSY,6,,,,,
3,5,NYSY,7,,,,,
3,5,NYSY,8,49.00,7.30,1,,L
3,5,NYSY,9,41.00,5.10,1,,V
3,5,NYSY,10,32.00,8.60,2,,L
3,5,NYSY,11,53.00,8.00,1,,L
3,5,NYSY,12,45.00,3.50,1,,L
3,5,NYSY,13,,,,,D
3,5,NYSY,14,,,,,D
3,5,NYSY,15,54.00,7.40,1,,L
3,5,NYSY,16,67.00,8.90,1,,L
3,5,NYSY,17,,,,,D
3,5,NYSY,18,,,,,D
3,5,NYSY,19,80.00,7.60,0,,L
3,5,NYSY,20,,,,,D
3,5,PRSE,1,175.00,16.80,1,,L
3,5,PRSE,2,113.00,13.30,1,,L
3,5,PRSE,3,129.00,13.30,1,,L
3,5,PRSE,4,109.00,8.60,1,,L
3,5,PRSE,5,126.00,11.80,1,,V
3,5,PRSE,6,104.00,30.20,1,,L
3,5,PRSE,7,201.00,22.70,1,,L
3,5,PRSE,8,62.50,7.70,3,,V
3,5,PRSE,9,99.00,16.20,0,,V
3,5,PRSE,10,97.00,22.70,1,,L
3,5,PRSE,11,161.50,17.50,1,,V
3,5,PRSE,12,40.50,11.40,3,,V
3,5,PRSE,13,173.00,15.80,1,,V
3,5,PRSE,14,43.00,5.70,2,,V
3,5,PRSE,15,64.00,9.00,1,,V
3,5,PRSE,16,52.00,5.50,2,,L
3,5,PRSE,17,95.00,13.40,0,,L
3,5,PRSE,18,129.00,16.70,2,,V
3,5,PRSE,19,195.00,20.60,2,,L
3,5,PRSE,20,208.00,23.80,0,,L
3,5,BELE,1,,,,,D
3,5,BELE,2,,,,,D
3,5,BELE,3,,,,,D
3,5,BELE,4,,,,,D
3,5,BELE,5,147.00,21.30,2,,L
3,5,BELE,6,,,,,D
3,5,BELE,7,173.00,11.90,2,,L
3,5,BELE,8,,,,,D
3,5,BELE,9,,,,,D
3,5,BELE,10,,,,,D
3,5,BELE,11,,,,,D
3,5,BELE,12,,,,,D
3,5,BELE,13,238.00,21.60,2,,L
3,5,BELE,14,,,,,D
3,5,BELE,15,,,,,D
3,5,BELE,16,214.00,19.10,1,,L
3,5,BELE,17,,,,,D
3,5,BELE,18,,,,,D
3,5,BELE,19,,,,,D
3,5,BELE,20,,,,,D
3,5,CACO,1,21.00,3.70,1,,L
3,5,CACO,2,118.00,11.00,1,,L
3,5,CACO,3,23.00,1.90,1,,L
3,5,CACO,4,43.00,3.20,1,,L
3,5,CACO,5,,,,,D
3,5,CACO,6,,,,,D
3,5,CACO,7,23.00,5.50,1,,L
3,5,CACO,8,21.00,4.00,1,,L
3,5,CACO,9,28.00,2.20,1,,L
3,5,CACO,10,56.00,7.90,1,,L
3,5,CACO,11,19.00,4.70,1,,L
3,5,CACO,12,34.00,3.20,1,,L
3,5,CACO,13,34.00,4.40,2,,L
3,5,CACO,14,33.00,3.40,1,,L
3,5,CACO,15,11.00,2.10,1,,L
3,5,CACO,16,,,,,V
3,5,CACO,17,25.00,3.00,1,,L
3,5,CACO,18,43.00,5.30,2,,L
3,5,CACO,19,,,,,D
3,5,CACO,20,8.00,3.20,1,,V
3,5,QURU,1,66.00,7.40,1,,L
3,5,QURU,2,,,,,D
3,5,QURU,3,,,,,D
3,5,QURU,4,58.00,10.30,1,,L
3,5,QURU,5,72.00,8.20,1,,L
3,5,QURU,6,,,,,D
3,5,QURU,7,142.00,14.70,2,,L
3,5,QURU,8,158.00,12.90,1,,L
3,5,QURU,9,76.00,8.50,1,,L
3,5,QURU,10,73.00,8.80,1,,L
3,5,QURU,11,57.00,9.60,2,,V
3,5,QURU,12,,,,,D
3,5,QURU,13,84.00,15.00,2,T,L
3,5,QURU,14,39.00,7.80,1,,V
3,5,QURU,15,77.00,9.30,1,,L
3,5,QURU,16,,,,,D
3,5,QURU,17,72.00,10.50,2,,V
3,5,QURU,18,50.00,8.00,2,,L
3,5,QURU,19,17.00,2.30,1,,L
3,5,QURU,20,66.00,9.00,1,,L
3,5,TIAM,1,27.00,4.40,2,,L
3,5,TIAM,2,43.00,6.60,3,,L
3,5,TIAM,3,10.00,4.00,1,,V
3,5,TIAM,4,28.00,6.90,1,T,L
3,5,TIAM,5,27.00,5.10,1,,L
3,5,TIAM,6,47.00,7.80,1,T,L
3,5,TIAM,7,,,,,D
3,5,TIAM,8,,,,,D
3,5,TIAM,9,,,,,D
3,5,TIAM,10,50.00,5.80,2,,L
3,5,TIAM,11,54.00,8.00,1,,L
3,5,TIAM,12,52.00,,2,,L
3,5,TIAM,13,71.00,12.30,1,,L
3,5,TIAM,14,39.00,9.50,2,T,L
3,5,TIAM,15,69.00,8.90,2,,L
3,5,TIAM,16,53.00,11.90,1,,L
3,5,TIAM,17,27.00,5.70,2,,L
3,5,TIAM,18,,,,,D
3,5,TIAM,19,36.00,6.20,2,T,L
3,5,TIAM,20,88.00,11.50,2,,L
2,5,ACRU,1,113.00,11.30,2,,L
2,5,ACRU,2,,,,,V
2,5,ACRU,3,99.50,10.70,1,,L
2,5,ACRU,4,174.50,18.60,1,,L
2,5,ACRU,5,121.50,12.60,2,,L
2,5,ACRU,6,148.00,18.70,0,,L
2,5,ACRU,7,109.00,15.10,2,T,L
2,5,ACRU,8,129.50,19.30,1,,L
2,5,ACRU,9,61.00,18.30,1,,L
2,5,ACRU,10,33.00,3.60,2,,L
2,5,ACRU,11,108.00,14.60,1,,L
2,5,ACRU,12,96.00,20.60,1,,L
2,5,ACRU,13,185.00,16.50,1,,L
2,5,ACRU,14,93.00,12.60,1,,L
2,5,ACRU,15,123.00,13.90,1,,L
2,5,ACRU,16,101.00,10.80,1,,L
2,5,ACRU,17,108.00,14.70,1,,L
2,5,ACRU,18,143.50,20.90,1,,L
2,5,ACRU,19,137.00,12.10,1,,L
2,5,ACRU,20,125.00,13.40,1,,L
2,5,ACSA,1,59.00,13.70,0,,L
2,5,ACSA,2,63.00,8.10,1,,V
2,5,ACSA,3,,,,,V
2,5,ACSA,4,,,,,D
2,5,ACSA,5,73.00,7.80,1,,L
2,5,ACSA,6,,,,,D
2,5,ACSA,7,,,,,D
2,5,ACSA,8,,,,,D
2,5,ACSA,9,68.00,4.80,0,,L
2,5,ACSA,10,98.00,8.90,1,,L
2,5,ACSA,11,94.00,16.40,0,,L
2,5,ACSA,12,66.00,6.80,1,,L
2,5,ACSA,13,,,,,D
2,5,ACSA,14,,,,,D
2,5,ACSA,15,62.00,5.30,1,,L
2,5,ACSA,16,75.00,8.20,1,,L
2,5,ACSA,17,89.00,8.70,0,,V
2,5,ACSA,18,,,,,D
2,5,ACSA,19,52.00,8.70,0,,V
2,5,ACSA,20,51.00,5.90,1,,V
2,5,NYSY,1,70.00,14.30,0,,L
2,5,NYSY,2,33.00,6.40,0,T,L
2,5,NYSY,3,,,,,D
2,5,NYSY,4,19.00,3.20,0,,L
2,5,NYSY,5,,,,,D
2,5,NYSY,6,21.50,2.80,1,T,L
2,5,NYSY,7,,,,,D
2,5,NYSY,8,,,,,D
2,5,NYSY,9,45.00,4.50,1,,L
2,5,NYSY,10,61.00,7.90,0,T,L
2,5,NYSY,11,53.00,9.00,1,T,L
2,5,NYSY,12,81.00,7.00,1,,L
2,5,NYSY,13,,,,,D
2,5,NYSY,14,37.00,4.20,0,,L
2,5,NYSY,15,,,,,D
2,5,NYSY,16,58.00,4.40,0,,L
2,5,NYSY,17,55.00,7.00,0,,V
2,5,NYSY,18,,,,,D
2,5,NYSY,19,67.00,7.60,1,,L
2,5,NYSY,20,,,,,D
2,5,PRSE,1,103.00,14.00,2,,L
2,5,PRSE,2,109.00,18.80,1,,L
2,5,PRSE,3,159.00,21.60,1,,L
2,5,PRSE,4,142.00,17.70,1,,L
2,5,PRSE,5,123.00,11.40,1,,L
2,5,PRSE,6,122.50,13.00,1,,L
2,5,PRSE,7,163.50,23.40,2,,L
2,5,PRSE,8,194.00,22.60,1,,L
2,5,PRSE,9,65.00,11.70,1,,L
2,5,PRSE,10,229.00,26.70,1,,L
2,5,PRSE,11,156.00,18.30,1,,L
2,5,PRSE,12,169.00,20.10,2,,L
2,5,PRSE,13,151.00,14.30,1,,L
2,5,PRSE,14,76.50,9.10,1,,V
2,5,PRSE,15,156.00,19.50,1,,L
2,5,PRSE,16,193.00,29.30,1,,L
2,5,PRSE,17,163.50,22.90,2,,L
2,5,PRSE,18,162.00,9.30,1,,L
2,5,PRSE,19,122.00,13.60,1,,L
2,5,PRSE,20,76.00,6.50,2,T,L
2,5,BELE,1,,,,,D
2,5,BELE,2,152.00,18.70,1,,L
2,5,BELE,3,,,,,D
2,5,BELE,4,78.00,7.00,1,,L
2,5,BELE,5,251.00,31.90,1,,L
2,5,BELE,6,,,,,D
2,5,BELE,7,,,,,D
2,5,BELE,8,,,,,D
2,5,BELE,9,234.00,21.30,1,,L
2,5,BELE,10,,,,,D
2,5,BELE,11,,,,,D
2,5,BELE,12,,,,,D
2,5,BELE,13,229.00,21.80,1,,L
2,5,BELE,14,,,,,D
2,5,BELE,15,,,,,D
2,5,BELE,16,,,,,D
2,5,BELE,17,137.00,11.70,2,,L
2,5,BELE,18,257.00,29.50,1,,L
2,5,BELE,19,317.00,26.30,1,,L
2,5,BELE,20,,,,,D
2,5,CACO,1,13.00,3.20,1,,D
2,5,CACO,2,15.00,2.70,1,,V
2,5,CACO,3,,,,,D
2,5,CACO,4,,,,,L
2,5,CACO,5,70.00,6.80,1,,D
2,5,CACO,6,77.00,3.70,1,,V
2,5,CACO,7,34.00,2.60,1,,D
2,5,CACO,8,,,,,L
2,5,CACO,9,63.00,7.30,1,,L
2,5,CACO,10,14.00,3.60,1,,D
2,5,CACO,11,,,,,D
2,5,CACO,12,,,,,D
2,5,CACO,13,39.00,3.70,1,,V
2,5,CACO,14,,,,,D
2,5,CACO,15,66.00,5.00,1,,L
2,5,CACO,16,42.00,6.90,1,T,L
2,5,CACO,17,71.00,7.60,1,,L
2,5,CACO,18,51.00,3.10,1,,L
2,5,CACO,19,,,,,D
2,5,CACO,20,17.00,3.40,1,,V
2,5,QURU,1,149.00,12.20,1,,L
2,5,QURU,2,127.00,16.70,1,,L
2,5,QURU,3,,,,,D
2,5,QURU,4,90.00,9.20,1,,L
2,5,QURU,5,86.00,13.80,2,,L
2,5,QURU,6,32.00,15.50,2,,L
2,5,QURU,7,169.00,20.90,1,,L
2,5,QURU,8,125.00,11.80,2,,L
2,5,QURU,9,141.00,15.10,1,,L
2,5,QURU,10,115.00,10.80,1,,L
2,5,QURU,11,117.00,9.90,2,,L
2,5,QURU,12,,,,,D
2,5,QURU,13,84.00,13.60,1,,L
2,5,QURU,14,120.00,12.20,1,,L
2,5,QURU,15,89.00,14.10,2,,L
2,5,QURU,16,,,,,L
2,5,QURU,17,158.00,17.50,1,,L
2,5,QURU,18,97.00,14.20,1,,L
2,5,QURU,19,87.00,12.50,1,,L
2,5,QURU,20,185.00,21.20,1,,L
2,5,QURU,21,,,,,D
2,5,TIAM,1,,,,,V
2,5,TIAM,2,41.00,9.70,2,,L
2,5,TIAM,3,,,,,L
2,5,TIAM,4,26.00,3.80,3,,L
2,5,TIAM,5,23.00,4.60,1,,L
2,5,TIAM,6,21.00,4.40,2,,L
2,5,TIAM,7,74.00,11.80,2,,L
2,5,TIAM,8,78.00,8.80,2,,L
2,5,TIAM,9,45.00,13.40,2,,V
2,5,TIAM,10,40.00,9.90,3,,V
2,5,TIAM,11,43.00,9.50,3,,L
2,5,TIAM,12,35.00,8.30,2,,V
2,5,TIAM,13,25.00,4.60,3,,L
2,5,TIAM,14,44.00,7.70,3,,V
2,5,TIAM,15,30.00,5.70,3,,L
2,5,TIAM,16,83.00,11.10,2,,V
2,5,TIAM,17,17.00,4.40,1,,D
2,5,TIAM,18,60.00,7.10,2,,V
2,5,TIAM,19,98.00,13.20,2,T,L
2,5,TIAM,20,,,,,D
2,9,ACRU,1,108.50,5.10,1,,L
2,9,ACRU,2,59.00,8.30,0,,V
2,9,ACRU,3,116.00,10.90,0,,L
2,9,ACRU,4,122.00,12.70,0,,L
2,9,ACRU,5,51.00,7.00,3,,L
2,9,ACRU,6,99.50,10.00,1,,L
2,9,ACRU,7,150.50,10.70,1,,L
2,9,ACRU,8,100.00,11.40,2,,L
2,9,ACRU,9,93.50,16.90,2,T,L
2,9,ACRU,10,,11.30,,,L
2,9,ACRU,11,62.00,12.30,2,T,L
2,9,ACRU,12,,,,,D
2,9,ACRU,13,16.00,6.60,2,,V
2,9,ACRU,14,92.00,10.80,2,,L
2,9,ACRU,15,63.50,7.50,1,,L
2,9,ACRU,16,66.50,8.50,2,T,L
2,9,ACRU,17,75.50,9.20,1,,L
2,9,ACRU,18,,,,,L
2,9,ACRU,19,156.50,12.00,1,,L
2,9,ACRU,20,116.00,12.80,1,,L
2,9,ACSA,1,,,,,V
2,9,ACSA,2,50.00,5.70,2,,L
2,9,ACSA,3,,,,,D
2,9,ACSA,4,36.00,10.60,1,,V
2,9,ACSA,5,59.50,10.90,1,,L
2,9,ACSA,6,,,,,L
2,9,ACSA,7,32.00,5.80,1,,V
2,9,ACSA,8,56.00,7.10,1,,V
2,9,ACSA,9,71.00,7.60,2,,V
2,9,ACSA,10,55.00,9.20,1,,V
2,9,ACSA,11,42.00,9.50,0,,V
2,9,ACSA,12,65.50,9.20,1,,L
2,9,ACSA,13,70.00,6.30,1,,L
2,9,ACSA,14,19.50,6.90,1,,V
2,9,ACSA,15,88.50,10.90,1,,V
2,9,ACSA,16,17.50,1.70,1,,V
2,9,ACSA,17,41.50,4.00,1,,V
2,9,ACSA,18,106.50,12.40,1,,L
2,9,ACSA,19,42.00,7.70,1,,L
2,9,ACSA,20,87.00,11.30,2,,L
2,9,NYSY,1,36.00,4.50,1,,L
2,9,NYSY,2,,,,,D
2,9,NYSY,3,,,,,D
2,9,NYSY,4,,,,,D
2,9,NYSY,5,,,,,D
2,9,NYSY,6,38.50,8.40,1,,L
2,9,NYSY,7,22.50,11.00,0,,L
2,9,NYSY,8,56.50,7.30,1,,L
2,9,NYSY,9,71.50,8.00,2,,L
2,9,NYSY,10,32.00,4.50,0,,V
2,9,NYSY,11,19.50,5.30,1,,
2,9,NYSY,12,,,0,,V
2,9,NYSY,13,,,,,
2,9,NYSY,14,77.00,7.70,1,,L
2,9,NYSY,15,,6.10,,,L
2,9,NYSY,16,,,,,D
2,9,NYSY,17,,,,,D
2,9,NYSY,18,,,,,
2,9,NYSY,19,,,,,D
2,9,NYSY,20,,,,,D
2,9,PRSE,1,21.50,7.80,1,,L
2,9,PRSE,2,59.00,6.90,1,,V
2,9,PRSE,3,71.00,9.50,1,,L
2,9,PRSE,4,,,,,D
2,9,PRSE,5,209.00,14.90,1,,L
2,9,PRSE,6,189.00,19.00,2,,L
2,9,PRSE,7,81.00,8.10,3,,V
2,9,PRSE,8,77.00,8.20,2,,L
2,9,PRSE,9,141.00,16.40,1,,L
2,9,PRSE,10,140.00,11.60,1,,L
2,9,PRSE,11,68.50,6.90,2,,D
2,9,PRSE,12,97.00,8.40,1,,V
2,9,PRSE,13,162.00,13.80,2,,L
2,9,PRSE,14,122.00,13.40,1,,L
2,9,PRSE,15,158.00,13.30,2,,L
2,9,PRSE,16,166.00,19.00,1,,L
2,9,PRSE,17,91.00,13.80,1,,V
2,9,PRSE,18,189.00,19.50,2,,L
2,9,PRSE,19,250.00,22.80,1,,L
2,9,PRSE,20,222.00,24.20,1,,L
2,9,BELE,1,99.00,10.00,1,,L
2,9,BELE,2,143.00,11.20,1,,L
2,9,BELE,3,154.00,13.40,1,,L
2,9,BELE,4,,,,,D
2,9,BELE,5,,,,,D
2,9,BELE,6,,,,,D
2,9,BELE,7,,,,,D
2,9,BELE,8,168.00,21.80,2,,L
2,9,BELE,9,221.00,29.00,1,,L
2,9,BELE,10,116.00,12.60,1,,L
2,9,BELE,11,,,,,D
2,9,BELE,12,239.00,29.90,1,,L
2,9,BELE,13,249.00,37.40,1,,L
2,9,BELE,14,96.00,9.60,1,,L
2,9,BELE,15,72.00,7.30,1,,L
2,9,BELE,16,116.00,7.50,1,,L
2,9,BELE,17,103.00,15.60,1,,L
2,9,BELE,18,199.00,17.40,1,,L
2,9,BELE,19,,,,,D
2,9,BELE,20,,,,,D
2,9,CACO,1,25.00,3.70,1,,V
2,9,CACO,2,,,,,D
2,9,CACO,3,31.00,5.00,2,,L
2,9,CACO,4,39.00,4.70,1,,L
2,9,CACO,5,,,,,D
2,9,CACO,6,43.00,4.20,2,,L
2,9,CACO,7,15.00,2.90,1,,V
2,9,CACO,8,141.00,10.10,1,,L
2,9,CACO,9,12.00,1.60,1,T,V
2,9,CACO,10,24.00,4.60,1,,L
2,9,CACO,11,14.00,1.20,1,,V
2,9,CACO,12,9.00,3.60,1,,V
2,9,CACO,13,81.00,7.90,1,,L
2,9,CACO,14,8.00,2.60,1,T,L
2,9,CACO,15,19.00,2.60,1,,V
2,9,CACO,16,97.00,8.60,1,,L
2,9,CACO,17,6.00,3.80,1,,V
2,9,CACO,18,,,,,D
2,9,CACO,19,17.00,1.40,1,,V
2,9,CACO,20,30.00,5.80,1,,L
2,9,QURU,1,80.00,10.40,2,,L
2,9,QURU,2,62.00,9.80,1,,L
2,9,QURU,3,64.00,9.30,1,,L
2,9,QURU,4,162.00,13.70,2,,L
2,9,QURU,5,74.00,16.70,2,,L
2,9,QURU,6,,,,,D
2,9,QURU,7,,,,,D
2,9,QURU,8,88.00,10.90,2,,L
2,9,QURU,9,107.00,15.30,2,,L
2,9,QURU,10,128.00,13.60,1,,L
2,9,QURU,11,127.00,15.40,2,,L
2,9,QURU,12,119.00,17.50,2,,L
2,9,QURU,13,154.00,23.40,2,,L
2,9,QURU,14,60.00,7.90,1,,L
2,9,QURU,15,104.00,12.90,1,,L
2,9,QURU,16,49.00,6.00,1,,L
2,9,QURU,17,48.00,5.10,1,,V
2,9,QURU,18,54.00,8.20,1,,V
2,9,QURU,19,54.00,9.00,1,,L
2,9,QURU,20,45.00,7.50,1,,L
2,9,QURU,21,175.00,19.90,2,,L
2,9,TIAM,1,86.00,10.10,1,,L
2,9,TIAM,2,31.00,11.30,1,,L
2,9,TIAM,3,16.00,4.00,1,,V
2,9,TIAM,4,,,,,V
2,9,TIAM,5,,,,,D
2,9,TIAM,6,51.00,12.30,1,,L
2,9,TIAM,7,,,,,V
2,9,TIAM,8,35.00,8.30,1,,L
2,9,TIAM,9,46.00,10.70,2,,L
2,9,TIAM,10,,,,,L
2,9,TIAM,11,,,,,D
2,9,TIAM,12,32.00,4.60,1,,V
2,9,TIAM,13,53.00,9.70,1,,L
2,9,TIAM,14,25.00,4.20,2,,V
2,9,TIAM,15,28.00,7.40,1,T,L
2,9,TIAM,16,,,,,D
2,9,TIAM,17,101.00,16.80,2,T,L
2,9,TIAM,18,72.00,12.30,3,,L
2,9,TIAM,19,33.00,7.10,2,,V
2,9,TIAM,20,35.00,6.10,3,,L
14,5,ACRU,1,58.00,7.50,1,,L
14,5,ACRU,2,128.50,14.40,1,,L
14,5,ACRU,3,68.00,7.80,1,,L
14,5,ACRU,4,43.00,9.70,1,,L
14,5,ACRU,5,34.50,7.20,1,,V
14,5,ACRU,6,90.00,12.70,2,,L
14,5,ACRU,7,118.00,11.10,1,,L
14,5,ACRU,8,21.00,8.40,0,T,V
14,5,ACRU,9,96.00,12.20,1,,L
14,5,ACRU,10,79.00,8.70,0,,L
14,5,ACRU,11,51.00,5.00,1,,L
14,5,ACRU,12,64.00,6.80,1,,L
14,5,ACRU,13,138.00,12.80,2,,L
14,5,ACRU,14,49.00,8.60,2,,L
14,5,ACRU,15,49.00,8.90,1,,L
14,5,ACRU,16,108.00,12.00,2,,L
14,5,ACRU,17,,5.70,,,L
14,5,ACRU,18,90.00,8.20,2,,L
14,5,ACRU,19,,,,,D
14,5,ACRU,20,79.00,10.50,1,,L
14,5,ACSA,1,,,,,D
14,5,ACSA,2,,,,,D
14,5,ACSA,3,88.00,8.20,1,T,L
14,5,ACSA,4,56.50,8.00,1,,L
14,5,ACSA,5,38.00,5.80,1,,L
14,5,ACSA,6,45.00,4.80,0,,L
14,5,ACSA,7,54.00,8.80,0,,L
14,5,ACSA,8,87.00,11.20,1,,L
14,5,ACSA,9,,,,,D
14,5,ACSA,10,,,,,D
14,5,ACSA,11,,,,,D
14,5,ACSA,12,77.00,11.20,1,,L
14,5,ACSA,13,,,,,D
14,5,ACSA,14,70.00,6.90,2,,V
14,5,ACSA,15,19.00,4.70,1,,V
14,5,ACSA,16,74.00,7.40,1,,L
14,5,ACSA,17,,,,,D
14,5,ACSA,18,100.00,15.20,1,,L
14,5,ACSA,19,,,,,L
14,5,ACSA,20,,,,,D
14,5,NYSY,1,70.50,7.00,1,,L
14,5,NYSY,2,,,,,D
14,5,NYSY,3,48.00,7.70,0,,L
14,5,NYSY,4,95.00,8.70,1,,L
14,5,NYSY,5,,,,,V
14,5,NYSY,6,23.00,2.20,1,,L
14,5,NYSY,7,,,,,
14,5,NYSY,8,23.00,8.60,1,,L
14,5,NYSY,9,,,,,
14,5,NYSY,10,73.00,8.90,0,,L
14,5,NYSY,11,69.00,9.50,0,,L
14,5,NYSY,12,,,,,V
14,5,NYSY,13,88.00,10.40,0,,L
14,5,NYSY,14,38.00,11.90,0,,L
14,5,NYSY,15,63.00,6.10,0,,L
14,5,NYSY,16,32.00,4.50,1,,L
14,5,NYSY,17,22.00,1.40,0,,V
14,5,NYSY,18,39.00,2.90,1,,L
14,5,NYSY,19,73.00,5.00,2,,L
14,5,NYSY,20,59.50,8.60,1,,L
14,5,PRSE,1,213.00,18.90,1,,L
14,5,PRSE,2,124.00,14.50,2,,V
14,5,PRSE,3,142.00,8.90,3,,L
14,5,PRSE,4,92.00,10.20,2,,V
14,5,PRSE,5,151.00,22.40,1,,L
14,5,PRSE,6,157.50,11.40,1,,L
14,5,PRSE,7,,,,,D
14,5,PRSE,8,92.00,14.70,2,,V
14,5,PRSE,9,136.00,24.30,1,,L
14,5,PRSE,10,62.50,5.90,1,,V
14,5,PRSE,11,127.50,17.60,1,,L
14,5,PRSE,12,137.00,8.90,3,,L
14,5,PRSE,13,165.00,15.10,1,,L
14,5,PRSE,14,120.50,16.80,2,,L
14,5,PRSE,15,132.00,9.20,1,,L
14,5,PRSE,16,118.00,14.00,1,,L
14,5,PRSE,17,120.00,20.10,3,,L
14,5,PRSE,18,133.00,13.50,1,,L
14,5,PRSE,19,68.50,4.80,1,,V
14,5,PRSE,20,134.00,14.60,1,,V
14,5,PRSE,21,97.00,9.20,1,,L
14,5,BELE,1,,,,,D
14,5,BELE,2,9.30,10.00,1,,L
14,5,BELE,3,,,,,D
14,5,BELE,4,,,,,D
14,5,BELE,5,,,,,D
14,5,BELE,6,,,,,D
14,5,BELE,7,,,,,D
14,5,BELE,8,74.00,9.70,1,,L
14,5,BELE,9,117.00,11.10,1,,L
14,5,BELE,10,,,,,D
14,5,BELE,11,104.00,8.80,1,,L
14,5,BELE,12,69.00,12.20,1,T,L
14,5,BELE,13,,,,,D
14,5,BELE,14,,,,,D
14,5,BELE,15,,,,,D
14,5,BELE,16,,,,,D
14,5,BELE,17,,,,,L
14,5,BELE,18,93.00,13.70,1,T,L
14,5,BELE,19,,,,,D
14,5,BELE,20,,,,,D
14,5,CACO,1,15.00,3.30,1,,L
14,5,CACO,2,13.00,3.30,1,,L
14,5,CACO,3,27.00,8.90,1,,V
14,5,CACO,4,38.00,6.10,1,,L
14,5,CACO,5,55.00,6.60,1,,L
14,5,CACO,6,14.00,3.20,1,,L
14,5,CACO,7,,,,,D
14,5,CACO,8,,,,,L
14,5,CACO,9,,,,,D
14,5,CACO,10,27.00,2.30,1,,L
14,5,CACO,11,20.00,4.40,1,,L
14,5,CACO,12,95.00,8.70,1,,L
14,5,CACO,13,32.00,3.40,1,,V
14,5,CACO,14,67.00,5.30,1,,L
14,5,CACO,15,54.00,5.50,1,,L
14,5,CACO,16,29.00,3.40,1,,V
14,5,CACO,17,29.00,5.90,1,,L
14,5,CACO,18,33.00,3.70,1,,L
14,5,CACO,19,16.00,2.50,1,,L
14,5,CACO,20,17.00,5.30,1,,L
14,5,QURU,1,82.00,9.10,1,,L
14,5,QURU,2,50.00,11.20,1,,L
14,5,QURU,3,103.00,9.60,1,,L
14,5,QURU,4,86.00,8.80,2,,L
14,5,QURU,5,123.00,13.00,2,,L
14,5,QURU,6,63.00,8.90,1,,L
14,5,QURU,7,48.00,8.40,1,,L
14,5,QURU,8,16.00,5.40,1,,L
14,5,QURU,9,74.00,11.50,2,,L
14,5,QURU,10,83.00,10.40,1,,L
14,5,QURU,11,91.00,12.50,1,,L
14,5,QURU,12,17.00,5.10,1,,V
14,5,QURU,13,67.00,10.40,1,,L
14,5,QURU,14,67.00,10.00,1,,L
14,5,QURU,15,79.00,8.60,1,,L
14,5,QURU,16,60.00,8.20,1,,L
14,5,QURU,17,48.00,7.60,1,,L
14,5,QURU,18,76.00,10.60,1,,V
14,5,QURU,19,29.00,7.40,1,,L
14,5,QURU,20,62.00,8.30,1,,L
14,5,TIAM,1,24.00,6.90,1,,L
14,5,TIAM,2,23.00,5.30,1,,V
14,5,TIAM,3,33.00,9.70,1,,L
14,5,TIAM,4,53.00,16.60,1,,L
14,5,TIAM,5,28.00,7.10,2,,V
14,5,TIAM,6,38.00,9.20,1,T,L
14,5,TIAM,7,44.00,10.50,1,,L
14,5,TIAM,8,88.00,12.40,1,,V
14,5,TIAM,9,19.00,4.30,1,,L
14,5,TIAM,10,37.00,7.60,1,,L
14,5,TIAM,11,57.00,9.80,2,,L
14,5,TIAM,12,35.00,7.90,1,,L
14,5,TIAM,13,91.00,11.00,1,,L
14,5,TIAM,14,,,,,V
14,5,TIAM,15,29.00,8.60,2,,L
14,5,TIAM,16,,,,,L
14,5,TIAM,17,,,,,D
14,5,TIAM,18,33.00,7.30,2,,V
14,5,TIAM,19,12.00,3.00,1,,L
14,5,TIAM,20,75.00,10.50,1,T,V
14,6,ACRU,1,128.50,12.80,2,,L
14,6,ACRU,2,40.00,4.70,1,T,L
14,6,ACRU,3,3.50,6.50,3,T,V
14,6,ACRU,4,109.50,11.60,1,,L
14,6,ACRU,5,73.00,8.10,2,,L
14,6,ACRU,6,90.00,17.90,2,,L
14,6,ACRU,7,117.00,18.10,1,,L
14,6,ACRU,8,97.00,11.20,1,,L
14,6,ACRU,9,31.50,5.10,1,,V
14,6,ACRU,10,,,,,L
14,6,ACRU,11,21.50,5.00,1,,V
14,6,ACRU,12,13.60,11.00,1,,L
14,6,ACRU,13,23.00,6.70,2,,L
14,6,ACRU,14,137.00,16.90,2,,V
14,6,ACRU,15,62.00,9.70,1,,L
14,6,ACRU,16,104.00,,2,,L
14,6,ACRU,17,50.00,12.80,1,,L
14,6,ACRU,18,133.00,14.40,1,,L
14,6,ACRU,19,96.50,7.60,2,,L
14,6,ACRU,20,137.00,17.30,,,L
14,6,ACSA,1,81.00,17.50,1,,L
14,6,ACSA,2,55.00,8.30,1,,L
14,6,ACSA,3,,,,,D
14,6,ACSA,4,99.00,8.80,2,,L
14,6,ACSA,5,51.00,15.40,0,,L
14,6,ACSA,6,31.00,5.00,1,,L
14,6,ACSA,7,,,,,V
14,6,ACSA,8,100.50,9.50,,,L
14,6,ACSA,9,36.50,6.50,1,,L
14,6,ACSA,10,,,,,L
14,6,ACSA,11,59.00,8.40,2,,L
14,6,ACSA,12,48.00,8.60,1,,L
14,6,ACSA,13,/,/,/,,D
14,6,ACSA,14,/,/,/,,D
14,6,ACSA,15,33.00,6.90,1,,V
14,6,ACSA,16,41.00,9.50,1,,L
14,6,ACSA,17,65.00,9.90,1,,L
14,6,ACSA,18,43.00,5.20,1,,L
14,6,ACSA,19,45.00,7.00,1,,L
14,6,ACSA,20,35.50,7.50,1,,L
14,6,NYSY,1,/,/,/,,
14,6,NYSY,2,/,/,/,,
14,6,NYSY,3,/,/,/,,
14,6,NYSY,4,/,/,/,,
14,6,NYSY,5,29.00,3.10,1,,L
14,6,NYSY,6,/,/,/,,D
14,6,NYSY,7,/,/,/,,D
14,6,NYSY,8,/,/,/,,D
14,6,NYSY,9,69.00,5.20,1,,L
14,6,NYSY,10,/,/,/,,D
14,6,NYSY,11,/,/,/,,D
14,6,NYSY,12,/,/,/,,D
14,6,NYSY,13,19.00,8.10,1,,L
14,6,NYSY,14,/,/,/,,D
14,6,NYSY,15,/,/,/,,D
14,6,NYSY,16,/,/,/,,L
14,6,NYSY,17,/,/,/,,D
14,6,NYSY,18,/,/,/,,D
14,6,NYSY,19,59.00,16.00,0,,L
14,6,NYSY,20,26.50,7.50,0,,L
14,6,PRSE,1,,,,,D
14,6,PRSE,2,140.00,20.00,3,,L
14,6,PRSE,3,178.00,27.60,1,,L
14,6,PRSE,4,127.00,14.80,1,,L
14,6,PRSE,5,53.00,7.50,3,,V
14,6,PRSE,6,99.50,10.90,2,,V
14,6,PRSE,7,27.00,4.00,1,,V
14,6,PRSE,8,114.00,15.20,3,,L
14,6,PRSE,9,146.00,15.20,3,,V
14,6,PRSE,10,/,/,/,,D
14,6,PRSE,11,31.00,6.20,1,,V
14,6,PRSE,12,140.00,17.60,1,,L
14,6,PRSE,13,154.50,23.10,1,,L
14,6,PRSE,14,135.00,14.90,1,,L
14,6,PRSE,15,78.00,23.40,2,,V
14,6,PRSE,16,47.00,7.30,0,,L
14,6,PRSE,17,16.00,2.20,1,,V
14,6,PRSE,18,152.00,24.20,1,,L
14,6,PRSE,19,87.00,16.60,1,,L
14,6,PRSE,20,70.00,12.50,2,,V
14,6,PRSE,21,141.00,17.80,2,,L
14,6,BELE,1,,,,,D
14,6,BELE,2,,,,,D
14,6,BELE,3,,,,,D
14,6,BELE,4,,,,,D
14,6,BELE,5,,,,,D
14,6,BELE,6,,,,,L
14,6,BELE,7,,,,,D
14,6,BELE,8,27.50,4.90,1,,L
14,6,BELE,9,,,,,D
14,6,BELE,10,,,,,D
14,6,BELE,11,,,,,D
14,6,BELE,12,,,,,D
14,6,BELE,13,,,,,D
14,6,BELE,14,,,,,D
14,6,BELE,15,,,,,D
14,6,BELE,16,,,,,D
14,6,BELE,17,,,,,D
14,6,BELE,18,29.00,3.90,1,,L
14,6,BELE,19,,,,,D
14,6,BELE,20,42.00,8.80,1,,L
14,6,CACO,1,61.00,6.30,1,,L
14,6,CACO,2,48.00,4.20,1,,L
14,6,CACO,3,54.00,4.10,1,,L
14,6,CACO,4,53.00,4.90,1,,L
14,6,CACO,5,42.50,5.60,1,T,L
14,6,CACO,6,73.50,7.20,1,,L
14,6,CACO,7,79.00,8.20,1,,L
14,6,CACO,8,17.00,2.00,1,,L
14,6,CACO,9,18.00,1.20,1,,L
14,6,CACO,10,72.00,6.30,1,,L
14,6,CACO,11,36.00,5.70,1,,L
14,6,CACO,12,16.00,2.30,1,,L
14,6,CACO,13,45.50,7.40,1,,V
14,6,CACO,14,53.00,5.70,1,,L
14,6,CACO,15,59.90,10.70,1,,L
14,6,CACO,16,122.50,8.40,1,,L
14,6,CACO,17,37.50,5.60,1,,L
14,6,CACO,18,31.00,5.90,1,T,L
14,6,CACO,19,17.00,9.40,1,,V
14,6,CACO,20,23.00,5.50,3,,L
14,6,QURU,1,111.50,16.20,2,,L
14,6,QURU,2,74.00,7.50,1,,L
14,6,QURU,3,36.00,8.30,2,,L
14,6,QURU,4,81.50,10.60,1,,L
14,6,QURU,5,83.00,12.40,1,,L
14,6,QURU,6,76.50,12.80,2,,L
14,6,QURU,7,47.00,1.60,1,,V
14,6,QURU,8,,,,,V
14,6,QURU,9,78.00,8.70,2,,L
14,6,QURU,10,57.00,9.20,1,,L
14,6,QURU,11,145.00,18.40,1,,L
14,6,QURU,12,92.00,14.70,2,,L
14,6,QURU,13,,,,,D
14,6,QURU,14,83.50,11.90,1,,L
14,6,QURU,15,101.00,15.40,3,,L
14,6,QURU,16,133.00,19.50,1,,L
14,6,QURU,17,77.00,14.40,1,,L
14,6,QURU,18,62.00,11.00,1,,L
14,6,QURU,19,65.50,7.10,1,,L
14,6,QURU,20,63.00,10.90,1,,L
14,6,TIAM,1,37.50,9.00,2,,V
14,6,TIAM,2,13.50,14.60,2,,V
14,6,TIAM,3,24.50,1.10,1,,V
14,6,TIAM,4,95.00,15.50,2,,L
14,6,TIAM,5,40.50,7.70,2,,L
14,6,TIAM,6,29.50,8.00,1,,V
14,6,TIAM,7,41.00,8.20,1,,L
14,6,TIAM,8,40.50,13.60,1,,L
14,6,TIAM,9,52.00,9.10,2,,L
14,6,TIAM,10,55.00,8.60,2,,L
14,6,TIAM,11,24.00,9.30,1,,L
14,6,TIAM,12,28.00,6.40,1,,V
14,6,TIAM,13,40.50,9.30,2,,L
14,6,TIAM,14,24.00,6.40,1,,L
14,6,TIAM,15,59.00,12.70,2,,L
14,6,TIAM,16,31.00,3.70,1,,L
14,6,TIAM,17,14.00,1.30,1,,V
14,6,TIAM,18,31.00,6.80,1,T,V
14,6,TIAM,19,37.00,6.90,1,,V
14,6,TIAM,20,29.00,7.50,2,,V
14,7,ACRU,1,61.00,13.70,1,,L
14,7,ACRU,2,91.00,9.90,2,,L
14,7,ACRU,3,,,,,D
14,7,ACRU,4,190.00,17.50,1,,L
14,7,ACRU,5,140.00,14.30,1,,L
14,7,ACRU,6,74.00,13.00,1,,L
14,7,ACRU,7,91.00,10.00,1,,L
14,7,ACRU,8,118.00,13.30,1,,L
14,7,ACRU,9,98.00,14.90,2,T,L
14,7,ACRU,10,,,,,D
14,7,ACRU,11,,,,,D
14,7,ACRU,12,98.00,14.10,0,,L
14,7,ACRU,13,105.00,18.90,1,,L
14,7,ACRU,14,105.00,18.20,1,,L
14,7,ACRU,15,171.50,13.10,1,,L
14,7,ACRU,16,70.00,10.60,1,,L
14,7,ACRU,17,,,,,D
14,7,ACRU,18,136.50,14.30,1,,L
14,7,ACRU,19,83.00,16.90,1,,L
14,7,ACRU,20,112.00,15.20,1,,L
14,7,ACSA,1,,,,,D
14,7,ACSA,2,57.00,9.80,1,,V
14,7,ACSA,3,,,,,V
14,7,ACSA,4,55.00,9.10,1,,V
14,7,ACSA,5,83.00,7.80,0,,L
14,7,ACSA,6,,,,,D
14,7,ACSA,7,52.00,5.90,1,,V
14,7,ACSA,8,,,,,V
14,7,ACSA,9,64.00,9.10,1,,V
14,7,ACSA,10,,,,,D
14,7,ACSA,11,52.00,13.10,1,,L
14,7,ACSA,12,50.00,4.40,1,,L
14,7,ACSA,13,48.00,6.90,0,,L
14,7,ACSA,14,119.50,11.50,,,L
14,7,ACSA,15,,,,,D
14,7,ACSA,16,,,,,D
14,7,ACSA,17,,,,,D
14,7,ACSA,18,75.00,13.00,1,,L
14,7,ACSA,19,,,,,D
14,7,ACSA,20,,,,,D
14,7,NYSY,1,,,,,D
14,7,NYSY,2,,,,,D
14,7,NYSY,3,,,,,D
14,7,NYSY,4,,,,,D
14,7,NYSY,5,,,,,D
14,7,NYSY,6,,,,,D
14,7,NYSY,7,,,,,D
14,7,NYSY,8,34.00,7.20,2,T,L
14,7,NYSY,9,,,,,D
14,7,NYSY,10,,,,,D
14,7,NYSY,11,85.00,10.90,2,T,L
14,7,NYSY,12,,,,,D
14,7,NYSY,13,,,,,D
14,7,NYSY,14,,,,,D
14,7,NYSY,15,,,,,D
14,7,NYSY,16,,,,,D
14,7,NYSY,17,,,,,D
14,7,NYSY,18,,,,,D
14,7,NYSY,19,,,,,D
14,7,NYSY,20,,,,,D
14,7,PRSE,1,193.00,17.10,3,,V
14,7,PRSE,2,,,,,D
14,7,PRSE,3,210.50,28.60,1,,L
14,7,PRSE,4,229.00,17.00,1,,L
14,7,PRSE,5,205.00,36.00,1,,L
14,7,PRSE,6,189.50,24.00,2,,L
14,7,PRSE,7,57.00,5.90,2,,V
14,7,PRSE,8,156.00,28.80,1,,L
14,7,PRSE,9,247.00,39.00,1,,L
14,7,PRSE,10,151.00,20.60,2,,L
14,7,PRSE,11,94.00,10.40,1,,V
14,7,PRSE,12,205.00,30.10,1,,L
14,7,PRSE,13,207.00,33.20,1,,L
14,7,PRSE,14,,,,,D
14,7,PRSE,15,169.00,16.50,1,,L
14,7,PRSE,16,265.00,37.80,1,,L
14,7,PRSE,17,103.00,95.00,1,,L
14,7,PRSE,18,167.00,21.70,1,,L
14,7,PRSE,19,211.50,30.40,1,,L
14,7,PRSE,20,188.50,22.40,1,,L
14,7,BELE,1,,,,,D
14,7,BELE,2,,,,,D
14,7,BELE,3,,,,,D
14,7,BELE,4,,,,,D
14,7,BELE,5,113.50,24.70,2,,L
14,7,BELE,6,,,,,D
14,7,BELE,7,112.50,8.70,1,,L
14,7,BELE,8,,,,,D
14,7,BELE,9,168.50,22.20,2,T,L
14,7,BELE,10,,,,,D
14,7,BELE,11,,,,,D
14,7,BELE,12,166.00,17.20,1,,L
14,7,BELE,13,,,,,D
14,7,BELE,14,,,,,D
14,7,BELE,15,155.00,17.80,2,,L
14,7,BELE,16,,,,,D
14,7,BELE,17,,,,,D
14,7,BELE,18,184.50,22.10,1,,L
14,7,BELE,19,,,,,D
14,7,BELE,20,,,,,D
14,7,CACO,1,24.00,6.80,1,,V
14,7,CACO,2,26.00,8.30,1,,L
14,7,CACO,3,27.00,4.50,1,,V
14,7,CACO,4,23.00,2.10,1,,V
14,7,CACO,5,28.50,3.40,1,,L
14,7,CACO,6,,,,,D
14,7,CACO,7,68.00,13.80,1,,L
14,7,CACO,8,14.00,1.10,1,,V
14,7,CACO,9,23.50,5.60,1,,V
14,7,CACO,10,38.00,4.30,1,,L
14,7,CACO,11,46.00,2.80,1,,L
14,7,CACO,12,22.50,1.40,1,,V
14,7,CACO,13,8.50,4.30,2,T,V
14,7,CACO,14,29.50,5.60,2,,L
14,7,CACO,15,43.00,4.50,0,,L
14,7,CACO,16,29.00,12.20,1,,L
14,7,CACO,17,27.50,3.80,1,,V
14,7,CACO,18,65.50,7.60,2,,V
14,7,CACO,19,31.00,4.00,1,,V
14,7,CACO,20,15.00,5.40,1,,L
14,7,QURU,1,93.00,11.70,1,,L
14,7,QURU,2,,,,,L
14,7,QURU,3,,,,,V
14,7,QURU,4,104.50,9.60,2,,V
14,7,QURU,5,95.50,13.70,1,,L
14,7,QURU,6,84.00,10.20,1,,L
14,7,QURU,7,122.50,12.10,1,,L
14,7,QURU,8,116.50,13.20,1,,L
14,7,QURU,9,35.00,14.00,2,T,2
14,7,QURU,10,143.00,8.40,1,,L
14,7,QURU,11,47.00,6.40,3,T,V
14,7,QURU,12,109.50,10.50,1,,L
14,7,QURU,13,88.50,14.20,1,,L
14,7,QURU,14,151.00,14.40,1,,L
14,7,QURU,15,78.00,13.90,2,,L
14,7,QURU,16,114.00,12.10,1,,L
14,7,QURU,17,98.00,14.70,1,,L
14,7,QURU,18,126.00,20.80,2,T,L
14,7,QURU,19,130.00,13.30,1,,L
14,7,QURU,20,27.50,6.10,1,,V
14,7,TIAM,1,,,,,V
14,7,TIAM,2,21.00,4.40,1,,V
14,7,TIAM,3,49.50,9.40,1,,L
14,7,TIAM,4,24.50,5.40,1,,L
14,7,TIAM,5,29.00,5.60,2,,L
14,7,TIAM,6,28.00,6.30,2,,L
14,7,TIAM,7,,,,,L
14,7,TIAM,8,,,,,L
14,7,TIAM,9,38.00,4.70,2,,L
14,7,TIAM,10,40.50,7.50,1,,L
14,7,TIAM,11,24.00,2.40,1,,L
14,7,TIAM,12,,,,,V
14,7,TIAM,13,21.00,3.60,1,,V
14,7,TIAM,14,,,,,D
14,7,TIAM,15,58.50,11.10,1,,L
14,7,TIAM,16,77.00,10.50,2,,L
14,7,TIAM,17,53.50,8.80,2,,L
14,7,TIAM,18,15.50,5.90,1,,V
14,7,TIAM,19,27.50,7.40,1,,V
14,7,TIAM,20,42.00,7.70,1,,L